{
    "ModSettings": {
        "enable_profiles": {
            "value": false
        },
        "enable_lock_slots": {
            "value": false
        },
        "enable_lock_slots_per_server": false,
        "enable_auto_refill": {
            "value": false
        },
        "enable_updates_check": false,
        "first_run": false
    },
    "GuiSettings": {
        "enable_inventory_editor_button": {
            "value": false
        },
        "enable_inventory_settings_button": {
            "value": false
        },
        "enable_profiles_ui": {
            "value": false
        },
        "enable_profiles_announcement": false,
        "show_move_all_button": {
            "value": false
        },
        "show_button_tooltips": false
    }
}